Mean,mu_MLE,mu_MOM,variance,sigma_squared_MLE,sigma_squared_MOM
0.049166,0.045866179181796536,0.1028673888514222,0.07797727599999997,0.06549515793040539,0.11121272170095753
0.06395999999999999,0.05965044977569589,0.1143686825830042,0.09977760000000001,0.08445726810849828,0.12198255982449645
0.090405,0.08317464746976105,0.14150197617926194,0.166797225,0.14394439160351696,0.19374851568861526
0.091713,0.08899466266247533,0.14804683303565286,0.147566217,0.14581284509091086,0.20079842645039908
0.09741600000000003,0.08308455286468501,0.1493868615700435,0.35147692799999997,0.2286768135131527,0.3816548393707869
0.114172,0.10575743589041504,0.1662404529639877,0.19169478800000006,0.16392830843060505,0.22768047111470574
0.14163599999999998,0.1372508334107567,0.19911869364669385,0.180727536,0.17566317664723485,0.25600315699672044
0.14790599999999998,0.13408217538566594,0.19683909823576165,0.22097156399999998,0.1905986924930176,0.28162086301559325
0.14962999999999999,0.14942520264203776,0.20981953168153306,0.17222413000000006,0.16745834321248448,0.2602289809251405
0.1605,0.1664491240933704,0.2308152692839458,0.206082,0.22541485328397745,0.3263193670279776
0.161115,0.15658168726918625,0.21982201162248735,0.225722115,0.21338172409784506,0.3107361974975289
0.16112500000000002,0.15992087650754286,0.22492628600565576,0.2076901250000001,0.2003500003470439,0.3142662577945609
0.174051,0.1703757500732952,0.2391123093843121,0.364984947,0.3613560320317124,0.5347745488089384
0.17723200000000006,0.1640710668049864,0.23128790738528604,0.3569452480000001,0.2888954634823844,0.3795760025397451
0.17978,0.1637845732968761,0.22957429507791755,0.3200084,0.2612761481201729,0.35445096998953785
0.18189,0.16971811235006498,0.2474513558602056,0.3846973500000001,0.34547573002740706,0.6773660900773865
0.184266,0.1809044385848788,0.2526051828543829,0.3902753880000001,0.3809510913561858,0.5814763084821392
0.187803,0.1765861835318901,0.2437563609530253,0.35626229099999995,0.32440467271646944,0.4102844457334617
0.19595200000000004,0.19014237209695964,0.2571926082122312,0.25944044800000005,0.2463454505839715,0.3703667484869395
0.20254,0.20378661441655824,0.2674063501998495,0.20010952,0.19549827728793007,0.3088896637828623
0.202796,0.19228637107253987,0.2574062599591675,0.339886096,0.2773764803697426,0.3897871124065314
0.22151000000000004,0.2161014069576563,0.296938010157682,0.5772550600000002,0.5166251294519105,0.8283259295772959
0.221952,0.22967090111843744,0.32311120195114423,0.7697295359999999,0.8502309824099146,1.3217887528447303
0.22948200000000002,0.23221666427690116,0.3022741996796965,0.287770428,0.2927127544612458,0.438610929765889
0.23244099999999998,0.22494364940426773,0.3092232385134436,0.4465191610000001,0.4110651043917761,0.7918301810923216
0.236925,0.22810489936202644,0.3175980482473449,0.693005625,0.7052984127534689,1.1569875459114096
0.24706999999999998,0.22863141869348005,0.3005129838917662,0.39382958,0.3296645750115824,0.4664481667479508
0.25623,0.2480656269742273,0.317890321716051,0.33668622000000004,0.3086940867808521,0.4285364383802203
0.2569,0.24893058685875885,0.33601646354380466,0.4714115,0.43836596812158696,0.8184669503627019
0.2592,0.2504498105172329,0.33683405659853377,0.559872,0.5510762887617813,0.9106602331862688
0.265815,0.2706929384149005,0.34628404860099193,0.428227965,0.4555624115844943,0.6062467333309062
0.28196,0.2691355725939697,0.34150550133355656,0.3750068,0.32337229230720804,0.4844143523246046
0.28528000000000003,0.2846995553835028,0.37140895632170795,0.5086542400000001,0.5032192969608537,0.9041013046846922
0.2907,0.290298077218831,0.3720258340146748,0.497097,0.5026334288600637,0.7595437655651859
0.3045,0.28796414896465616,0.3779684591565585,0.7417619999999999,0.6567065438156643,1.00687145291512
0.30576000000000003,0.30999607111988936,0.4076180728307395,0.6677798400000001,0.6901918855749882,1.1556294402303344
0.30983999999999995,0.3010128086919917,0.3948069204759118,0.8000068799999999,0.7309209523957307,1.1596043008400612
0.31246,0.3113154210919137,0.3991329407476073,0.5743014800000001,0.5579031041264677,0.8434079347533581
0.312868,0.2887984621785024,0.3835161491502296,1.1382137839999995,0.9549702856657252,1.5433358779433086
0.33074000000000003,0.32199337974065684,0.4205274862793605,0.9512082400000004,0.9131914885169402,1.4717068146813157
0.345984,0.338845084577732,0.4395292544184577,1.129291776,1.0942937189200477,1.6865998055315268
0.34715999999999997,0.3405407666517897,0.447198541022584,1.00433388,0.9372002305416668,1.4704393838898788
0.34881,0.35587139162411463,0.44047824324471735,0.36869217,0.3816559045068587,0.5807495335812084
0.36201,0.3678423085499397,0.4612551362498237,0.79424994,0.8244387468268408,1.1541191256652477
0.373796,0.3715129098724299,0.4671433118258874,0.5846169440000001,0.5750521880363374,0.9147019038398171
0.39057,0.3738006828723532,0.4612258886018461,0.54093945,0.4839920884774853,0.6929186810762831
0.39238,0.3785129666072525,0.4694313230477452,0.66940028,0.6263740751386283,0.9282486779762203
0.413525,0.4152115602432948,0.5030336689787569,0.2873998749999999,0.2904537569944413,0.4797598679331102
0.43776000000000004,0.415904533229347,0.5237229224628585,1.6809984,1.5162919746576893,2.116780424364142
0.44505,0.4374883158468172,0.5300155184904193,0.47842875,0.4696535120974363,0.7114584679231518
0.44891000000000003,0.4332619700601026,0.5517859495327386,1.30857265,1.2554369743711682,1.9979947692593505
0.47328,0.4649366796570502,0.5714633093808885,0.6999811200000001,0.6625330044365374,1.0303560782263783
0.475458,0.4671150366844732,0.5816313094373683,0.6913159320000001,0.6723943382702408,1.2060747219626304
0.4763999999999999,0.4762415669717855,0.5923658607938003,1.1347847999999998,1.1289640243463457,1.7678381389088544
0.479955,0.48189716822898904,0.6051190888273184,0.940231845,0.946676701278684,1.7315859517679577
0.481338,0.4880083354652671,0.6080003012725548,0.957381282,0.981202476219925,1.6180463661833842
0.49371000000000004,0.4974621941247321,0.6120071470810106,1.16071221,1.1806280429275495,1.7493927029247245
0.505837,0.4896278948603103,0.5961228048307856,0.759261337,0.7179236387233952,1.0834441586461458
0.507346,0.5134724748614814,0.6296046766936694,0.770658574,0.7765876786966402,1.2719603945680686
0.51855,0.4946844012518702,0.6132473165469258,1.7926273499999998,1.6334840626574398,2.300204857787433
0.54165,0.5225309170797285,0.6442656523915239,1.27558575,1.1653063939731882,1.7462652338325404
0.5502000000000001,0.548640874177576,0.6763832933729337,1.5136002000000004,1.4893068198991848,2.3220307173200165
0.573325,0.571269761183067,0.7007325705330961,0.925919875,0.8994764520510209,1.5159963336594209
0.5755349999999999,0.5716034843900163,0.6929363733897984,1.0860345449999995,1.0516990906255872,1.5844675625773403
0.576271,0.5760611842460494,0.7071484100479212,1.003287811,1.0508116695920149,1.6718636887988765
0.5858949999999999,0.5864402994131368,0.7232117629573969,1.855529465,1.87634391430985,2.8678932491419507
0.5963999999999999,0.5885551041719229,0.7034937291752933,0.5081327999999999,0.4943786800600974,0.7825243621041972
0.59787,0.5720941843530415,0.6862676244353196,0.48965553,0.4318339148752067,0.7132712168176636
0.61334,0.5927002484299315,0.7330812344955864,1.44686906,1.334824336395189,2.1873595401696853
0.628167,0.6123896079390666,0.7473252869508398,1.1639934509999998,1.1191782397366925,1.828576389137668
0.6380100000000001,0.6047621458846087,0.7469556383006175,2.3944515300000004,2.096556130542178,3.142126024649772
0.65835,0.6167301601441556,0.7656395393930038,2.4767127,2.104636220046737,3.1940747497994773
0.66252,0.6257770427558689,0.7998398399274734,3.65777292,3.258846300825333,6.443619859599115
0.6681600000000001,0.6581740304918908,0.8044783730277466,1.86015744,1.741673022413478,2.7146483330441
0.68271,0.6740445768450196,0.8239602801709554,2.2194902100000005,2.1339866673911216,3.212260567494793
0.6842550000000001,0.6912886991135604,0.8430106182106059,1.289820675,1.256907779060895,2.0804132370990693
0.71292,0.7220066408818525,0.8736258763863751,0.97741332,1.0072798302926562,1.7225634321438918
0.7195829999999999,0.7358184623006558,0.8863235100027882,1.3175564729999998,1.3848582719032252,2.203544777884526
0.7218000000000001,0.7187606715496946,0.8610802665774022,0.5788836000000002,0.5635957543611272,0.9524051119748808
0.7268759999999999,0.6862130860181217,0.8392702692861892,2.1653636039999995,1.894749756041942,2.9648416233866426
0.7492500000000001,0.7443861569964313,0.8884555856859824,0.6930562500000002,0.6571119389470195,1.0205023482527609
0.7500570000000001,0.7229596157970357,0.8734273186941911,1.5758697570000002,1.4632045363227777,2.3202999941470046
0.8078400000000001,0.7957677307705556,0.9498468683536534,0.6979737600000002,0.6657966932893368,1.0881394475401982
0.8236589999999999,0.8183569240991737,0.9962753169679992,3.097781499,3.0588472118125445,4.7365709159099385
0.82816,0.8382490923214091,0.998766250598008,0.53581952,0.5475441644043796,0.9439298608541912
0.83204,0.8253285024775064,0.9968031069775588,1.1349025600000002,1.1138651218040772,1.8851473007031656
0.8379,0.8430150347372443,1.0160283048222654,1.5601698,1.5512035131195312,2.5959598481469133
0.8522549999999999,0.8199007741825329,0.989073395417012,1.367869275,1.2780843164430191,2.0886448876396835
0.8591799999999999,0.8687660328239332,1.0509959970031042,2.17114786,2.1879757814843313,3.5269345145359603
0.8751599999999999,0.8491684726287198,1.0162687684205067,1.07119584,0.9820664289378428,1.6396193429470491
0.8796959999999999,0.8809104290912138,1.0664193545947422,2.596862592,2.570353591970804,3.9741373584542057
0.8940750000000001,0.9208593532433896,1.1017947375225423,1.756857375,1.9117958535277344,2.965336361964156
0.8991,0.885253120814923,1.0633552252366985,1.1976011999999998,1.1190115283740387,1.9072106820119008
0.914652,0.8902516013932397,1.0804806228764758,3.4427501279999992,3.3163751403965915,4.843542142901224
0.9370700000000001,0.9231958706915452,1.1159900280329254,2.11590406,2.0335825102360774,3.3419704511555093
0.94426,0.9322973435275748,1.1153822595661549,1.4381079800000005,1.4014733891845588,2.2068993630657827
0.9515100000000001,0.9575584039417664,1.1407397206093717,0.91915866,0.940016381968338,1.531948377714647
0.952875,0.9551478700681958,1.144951312151394,1.834284375,1.8212416526917103,2.909383430522666
0.97596,0.972985737332751,1.1704338048335792,2.6458275600000007,2.586552698542244,3.9962803959415383
0.9774,0.9625166431932898,1.1612087848327854,1.7690940000000002,1.6965499145137697,2.8234530517091465
0.985915,0.9910940686747424,1.1964325159181466,1.6336611549999995,1.6101209930110498,2.8354875022333177
1.0221749999999998,1.0076461458887849,1.2127761749109958,3.5418363749999995,3.323211627111038,5.008191485987184
1.03194,1.0338460049646865,1.2739026933443072,5.634392399999999,5.660698604437126,9.853962402832947
1.03625,1.0254679606979726,1.2240442937318798,0.8590512500000002,0.8163827104476704,1.350613477583379
1.04105,1.0363302987601168,1.2388096898027303,0.9223702999999998,0.9079878666519056,1.4751142523603695
1.0485,1.0466046747171032,1.2528783428507748,1.2215025000000002,1.176955876973766,2.0127366987904254
1.05125,1.0430660273773429,1.2446108508565048,0.76215625,0.7424243706258863,1.279320373730549
1.0550400000000002,1.063232444630496,1.2701316181802664,1.4179737600000002,1.4459150679320496,2.330365269505519
1.0661550000000002,1.079524985507092,1.2966083455931874,2.0480837550000004,2.0682478398705024,3.403604503688185
1.0672,1.0737172502986605,1.281763386176609,0.981824,1.0045828354935036,1.683021701283708
1.0687200000000001,1.0717597842753264,1.284870764703992,1.87239744,1.945584807786885,3.1200971506085056
1.0718,1.0563847385570726,1.265032355421209,2.4972939999999997,2.460047680656059,3.8973684195689615
1.0741599999999998,1.0725431778434864,1.2830751144201706,0.9946721599999998,0.968833231560324,1.6530090392589711
1.0857149999999998,1.046680911861818,1.2640605709759565,3.4167451049999995,3.1569167484044396,4.834425096352124
1.09275,1.0515745217168628,1.2639197460604357,3.85194375,3.4537405147711544,5.155893749889444
1.11386,1.1001995485797285,1.3214108149784771,1.01695418,0.9831450231637804,1.779497051066369
1.1146730000000002,1.1265428615596822,1.348838669343274,2.2549834790000007,2.328417360315385,3.892150553531201
1.12268,1.1362550406592276,1.3591670765306152,1.85354468,1.8553795303357856,3.014749394129408
1.1312000000000002,1.1381861887865805,1.364706022464805,1.1425120000000002,1.1676314951343287,2.0494058209719106
1.14872,1.1378180738272312,1.3613132421715357,1.5898284800000002,1.5436956076853332,2.498663370885103
1.1531650000000002,1.1481420543126075,1.3762966879625322,1.6939993850000004,1.6957664465751099,2.8822496080822675
1.1564,1.1514562838129898,1.3824354658978983,1.0916416000000002,1.0864040542014068,1.89483868752616
1.164415,1.1361239649959811,1.360788382885248,2.038890665,1.89636055763538,3.1915579098161615
1.18035,1.1745172533519277,1.406024117404199,1.0800202500000002,1.0412315010930973,1.7678276382791536
1.1907,1.2087486892221977,1.4484931931197398,2.7005076000000012,2.7386249624270205,4.373967890379965
1.21776,1.2186216481152436,1.4544032889494083,1.67563776,1.6527881096172878,2.7110576720047947
1.2198,1.235085805347512,1.4761855897101768,2.781144,2.7994006011561865,4.527827769053843
1.25055,1.2245665081274963,1.476327582578023,3.47527845,3.294922012883485,5.291636464063878
1.31494,1.305657263730693,1.5511839269218972,2.0105432600000004,1.9512435548547409,2.991741502904932
1.3201500000000002,1.3278065442520204,1.5915683423551386,1.7874831000000002,1.805243047199599,3.1057464737911116
1.3208600000000001,1.2921090315508368,1.5455753646723875,1.6537167199999998,1.5386385958139976,2.525529929873111
1.341675,1.3329066475469515,1.6071346974859866,5.373408375,5.257374734860469,8.329565524430425
1.35579,1.3386321661677352,1.597667500827321,1.42493529,1.378667312682529,2.2906337651237525
1.3572000000000002,1.3531479262959083,1.6242858138437768,2.8338335999999997,2.816502742317008,4.717668983941096
1.35751,1.345038958224363,1.6091307326735584,4.49471561,4.405338801049006,6.5672618755255385
1.375776,1.3563287501236885,1.6163741478676712,2.245266432,2.235910282489561,3.6522342507728633
1.399015,1.412156391560114,1.6874018840657683,3.5912715049999995,3.7698278483845735,5.869724718898153
1.40244,1.3896485499760491,1.6672895910512575,3.3910999200000003,3.2826485475207554,5.459098575322098
1.4536799999999999,1.4644742079513955,1.7539006927039775,2.93497992,2.9619424243874173,4.917268440589532
1.459955,1.4439932669801518,1.7284082707992767,4.220729905000002,3.9677216165954143,6.215385944115934
1.463352,1.4727543775640028,1.7601184889935415,2.961824448,3.0488547768208805,4.892378661552692
1.481088,1.4908266860183244,1.7885822319867344,4.123348992,4.235528568613265,6.736071462949459
1.5012000000000003,1.48074066573286,1.7743602035425587,3.338668800000001,3.1919623984927754,5.310141188492771
1.51315,1.4964224078341382,1.816057210723983,8.6400865,8.484529415798606,13.881713713662476
1.52144,1.5128020258177164,1.806968450806252,3.9101008000000004,3.8497244463761873,6.086401357643227
1.53216,1.5155528302272512,1.8113980663056963,2.5740288,2.479679049961755,4.08204210916932
1.54386,1.5396763958133683,1.8388026518416671,2.94259716,2.893025231630935,4.663943055550452
1.5448620000000002,1.5425428971680497,1.8458090827300568,2.437792236000001,2.3941100022992368,4.0871664714934814
1.56124,1.5855657070804807,1.8932562474692485,2.6494242799999994,2.6435517291899044,4.494552001208493
1.59768,1.606954093638148,1.9206683825025817,1.61046144,1.6263702016462047,2.8775780951285643
1.625155,1.6174649874730942,1.9334229085096724,1.278996985,1.2417447704539295,2.237261620218053
1.6405949999999998,1.6560741089550055,1.9796730793000157,3.302517734999999,3.2731309039304133,5.5918518058214985
1.6438950000000003,1.6483664374210374,1.9725783168653936,2.224189935000001,2.2428310527292017,3.9241470091279047
1.6443,1.658014541391526,1.9768432816696369,2.5749737999999995,2.607725995974961,4.322860360485255
1.657075,1.6606892910250333,1.9892097507075532,4.614953875,4.544377940324312,7.434628336274778
1.67388,1.6995441150742383,2.029314291365076,3.59214648,3.701336656860859,6.040816458982314
1.6992450000000001,1.6882983867433472,2.0190607972244328,4.695013935,4.633522409031363,7.437039033384941
1.7356950000000002,1.7310750819635905,2.0677521497046185,4.6707552450000005,4.717878067723127,7.385929247235929
1.75522,1.7474192746844992,2.1024578036841306,8.10736118,7.968433483035832,12.172140188460366
1.76561,1.7605238263989378,2.103858609341428,4.048543730000001,3.9936681987599587,6.6945620794325675
1.77885,1.794519262794272,2.139839550133748,2.1452931,2.142130232451409,3.7335151285977655
1.7994249999999998,1.7841091582197277,2.124676625935324,3.877760874999999,3.8367465735423063,6.203147425475446
1.80067,1.794653748222823,2.16558965403575,14.09744543,13.998489678545596,21.59677472094861
1.8277,1.8213747774914528,2.1702733011343947,2.7269284000000003,2.6917496995122154,4.5555469660802
1.8797549999999998,1.8823699899622508,2.247351838254944,2.084648295,2.06793710150008,3.6153124984189526
1.87989,1.8909590364210749,2.2555955913248957,3.16949454,3.2283822139424236,5.5733039058057665
1.91376,1.9180266829980352,2.285082392161337,2.54338704,2.509302216514539,4.4393395777326905
1.934705,1.9018016605052577,2.275219943811454,3.132287395,2.949835342281641,5.158508527454343
1.9377799999999998,1.9268484265067207,2.2955152544679107,1.99203784,1.8664206374384444,3.324216019178418
1.9431000000000005,1.9383670371677937,2.318420470168323,4.195152900000001,4.0833540874110525,6.890905192405317
1.972425,1.9696491532649856,2.354281113006632,1.7100924749999995,1.6733919738613308,2.971569889146067
1.982845,2.0184957339869887,2.406367444633702,3.4640302149999997,3.5133087838784505,5.9715028053552865
1.989821,1.992504655825462,2.3747902491644832,3.2374387669999987,3.2345684473802736,5.6584220764604565
1.99778,2.0104853127042643,2.4007211516039613,3.9516088400000013,4.024339389249215,6.703707336277192
2.00304,1.9943046273918776,2.3905110267465064,1.7146022399999998,1.6376076281942369,2.96039870146132
2.026875,2.029320644088576,2.4225547689356657,2.191051875,2.214231460248848,4.015525848973172
2.05799,2.0617397305044483,2.458429555309439,2.3996163399999992,2.37761601786678,4.115440679052032
2.063502,1.9923532949457397,2.377644788664634,5.905742724,5.54833393913101,8.641297845851124
2.081898,2.0873766053035046,2.4873438244425867,5.377542534000001,5.312161393369983,8.422051785895164
2.09456,2.0999325032117206,2.513616210892432,1.77618688,1.7768872785301324,3.2763657637239514
2.09979,2.0853693272650533,2.4901902685431994,4.365463410000001,4.329260092292833,7.364298852105187
2.1411900000000004,2.1689124688273185,2.5862511625122004,4.13035551,4.284106667007848,7.178712622915946
2.14812,2.126078490449411,2.5371492935592257,2.9579612399999986,2.8876732472144933,5.139928110983113
2.17152,2.1408391129334183,2.554067257998775,2.5015910400000005,2.3875702359437083,4.20681990621084
2.18994,2.2100065692343627,2.630346207266256,2.96955864,3.0306034300697937,5.320426093416486
2.189964,2.1561429415931626,2.6014708075718525,7.875110544,7.658752239421929,12.852379519631286
2.19454,2.1768159239089973,2.59117966049422,2.69050604,2.573884251925862,4.6623498683218285
2.201475,2.182000301964322,2.602429079122922,2.168452875,2.1073556829042275,3.7262109020553664
2.21885,2.2452991590115654,2.6804843134884755,2.47401775,2.5450435620058522,4.62388193119796
2.22376,2.226922628410317,2.6488676872689374,2.73967232,2.7587677365864227,4.901146250950577
2.2299300000000004,2.182454622280523,2.6033069736729315,6.1389972900000025,5.878127233178168,9.350977806131858
2.23587,2.257277103886162,2.695095007315546,5.916112020000003,6.131307844427211,9.719526881175645
2.2359760000000004,2.218754512824685,2.6483125523483957,6.2339010880000005,6.1290238745388965,9.580283807552801
2.2362599999999997,2.238217423875692,2.667136975344958,4.099064580000001,4.114196616234626,7.0593820714287006
2.26135,2.2707535024595407,2.7054243243568368,2.0578285,2.019628821701944,3.6216417155757497
2.290855,2.178602167410203,2.6173306216021106,17.206611905,15.423510198070742,24.111866664953947
2.3035400000000004,2.3005959377697707,2.742797853439753,6.8645492,6.723986390976277,10.184516626146237
2.307875,2.2961288929056622,2.7416234150923864,5.758148125000001,5.698944087460268,9.20614783975468
2.3079,2.3345439169865028,2.786065061338312,7.246805999999999,7.396360176989367,11.830264015547742
2.3656200000000003,2.3445527374120214,2.796765094916631,2.52648216,2.471166385028029,4.512073855326746
2.37744,2.35157334622813,2.8025116006234407,2.41547904,2.3538345037810946,4.253080817826697
2.39666,2.4162262730169752,2.8774085925907005,2.15939066,2.134045432832756,3.829468650884297
2.425605,2.422044738512528,2.879657364172738,4.310300085,4.456039485632249,7.511892678276618
2.4357599999999997,2.4227348393793835,2.8944265998251404,4.362446159999998,4.235508655962853,7.569117565808093
2.44449,2.4705740347208462,2.942097994357767,3.80607093,3.878755427115668,6.874191313528456
2.452875,2.4346094734668613,2.9058496019765334,7.763349375,7.642463330702392,12.107764262515818
2.506875,2.500932248378582,2.982717194236064,2.1935156250000003,2.1274563316587183,3.9135377953173016
2.60087,2.5938903137764417,3.0936456866923985,3.77906411,3.7761523661486334,7.002236238291983
2.6759950000000003,2.665474914105844,3.1852812095678376,1.8919284650000003,1.9071191228159834,3.6385457491428785
2.706525,2.713319465876258,3.264814448856754,12.739613175,12.510422840024875,20.883916194134358
2.7104000000000004,2.7539231787414153,3.2851393159547917,6.071296000000001,6.160559740641358,10.438980595252037
2.722545,2.733681387725866,3.2552665681548523,3.1608747450000005,3.1881458460374468,6.1212934769824505
2.7234900000000004,2.7322453246994294,3.2491396686183136,2.4974403300000003,2.4616807258623066,4.549036377085602
2.774325,2.8079435309992595,3.349091026293721,4.336269975,4.365207258068638,7.956812948204126
2.78425,2.7114457263740426,3.2329804440720205,4.42974175,4.095437829096409,7.591277429384537
2.784855,2.8029246036564985,3.32587541523975,3.171949845,3.1154840839240348,5.688979555423125
2.80364,2.7809400903483104,3.30628224498523,3.622302879999999,3.5411973679260758,6.612635222724885
2.81163,2.839598681714954,3.3721314247394667,3.53703054,3.584791958516384,6.6569215421121575
2.842525,2.8335800725213383,3.374780900944016,3.6810698749999986,3.7054521140776098,7.025087648525592
2.866935,2.8393917814800735,3.3821400099021206,4.182858165000002,4.0652325394957245,7.636647794907856
2.86749,2.87243490529504,3.4297732807419186,5.44536351,5.485538677330547,9.682096969971354
2.900345,2.903333352934487,3.4547757616078365,3.5123177949999995,3.476811468509208,6.681353578028703
2.9376,2.9259002440502457,3.4688914542429035,2.996352,2.942687682633927,5.567191586989833
2.9420550000000003,2.9192579499611813,3.5047509043950416,15.595833555000002,15.494038854221502,25.59884766226581
2.960025,2.9516968794776943,3.4928351845859424,2.708422875,2.6494863719863107,4.947194591336615
2.9719,2.9542941136134897,3.5041499621238685,3.1264388000000007,3.0227568782535648,5.767781104923032
2.97369,3.012808172274551,3.6228493476254795,7.96651551,8.064681818247138,13.808508247791565
2.97804,2.966678678940714,3.5191423551969248,3.2133051599999995,3.2606657404578616,6.190542896230742
2.9993000000000003,3.0095621906516947,3.593676168689745,5.0538205000000005,5.030440247341786,9.27540850398339
3.0179400000000003,3.048233304993452,3.6109920866941096,2.54412342,2.6042277366858912,4.998835960488066
3.05162,3.068141831071104,3.6685151381341727,9.600396520000002,9.761744162124238,16.148510043738106
3.08178,3.0787872709181943,3.6445747893645177,2.70580284,2.6614582349522857,5.131619601687975
3.13526,3.1345896816020558,3.7547854054819974,8.33038582,8.366722070459549,14.03940301687518
3.13984,3.152421999751233,3.767549308682191,5.6014745600000015,5.582155266437876,10.24030724623444
3.1781650000000004,3.1863908958448715,3.788292527328181,4.217424955,4.177791426525555,8.07247764916259
3.19358,3.2309549560296804,3.8174163565692596,2.9476743399999994,2.9779418850485015,5.960318447916381
3.27849,3.240199018979596,3.866978899074117,6.95695578,6.715565693741784,11.46391565169618
3.285225,3.2852683665283515,3.9114645860616166,4.582888875,4.402015819568375,8.552141341257574
3.29846,3.312722425492117,3.9596054914611183,6.82121528,6.6483597911554035,11.601107426230818
3.30632,3.291416705532093,3.901518606052168,3.69315944,3.5636170265455207,6.987747336322651
3.31632,3.323860858497944,3.9621521243693767,6.546415679999999,6.5567627606322585,11.36302393535685
3.32871,3.332938310585974,3.932478784365496,2.81941737,2.7980321314797068,5.498270101476416
3.367,3.3261540979707487,3.967166992905833,15.319849999999995,14.616799877063348,23.790694177391792
3.407235,3.4351677418072786,4.102492240929438,7.662871515000001,7.5535750937368435,12.653496387779615
3.4154400000000003,3.4392417477965687,4.088141224675762,4.385424960000001,4.340360448132145,8.643607103601433
3.4154800000000005,3.4353990556123466,4.099536315463031,5.662865840000001,5.680258676433661,10.658664076567401
3.4335850000000003,3.412365677954254,4.03236601180423,3.0661914050000005,3.0056394236198467,6.148938109264139
3.4884,3.4640808236301464,4.1367913744636216,5.965164,5.934043523893388,11.092808934535194
3.5224,3.53759594403826,4.211078645433439,5.213151999999999,5.157844100220814,9.951638630626462
3.5400399999999994,3.4848032869280043,4.1892374301569415,9.317385279999998,8.924557744847359,15.994484956467351
3.5486050000000007,3.577753813776736,4.272226796540196,5.510983565000001,5.546360911824781,10.857933025736964
3.56596,3.5506367270386154,4.226472329909217,5.388165559999997,5.217745803785896,10.067627810718202
3.5982200000000004,3.5657884773386224,4.230094983021433,4.008417080000001,4.0743806584339985,8.368134204995926
3.60785,3.6247352130499917,4.302066963336103,4.412400549999999,4.429829773501331,9.041911795034189
3.6112,3.6315442776165647,4.330612853219681,7.049062400000001,6.945909028272147,12.370308113900546
3.6484300000000003,3.661945956742735,4.291502351266747,2.89685342,2.87718905550901,6.026738994618592
3.65795,3.594058719055988,4.285040637274482,17.9605345,17.337551837160962,28.501663530101094
3.667,3.6599424995365513,4.367654733338284,13.9346,13.539559417903838,21.83016579937736
3.676575,3.64720367550036,4.355086067386699,6.047965874999999,5.763349332751352,11.07618345816726
3.6792599999999998,3.6667201607762903,4.344842088013687,4.25690382,4.192514653693928,8.653602956714357
3.687875000000001,3.6977540947636007,4.351220368119404,3.337526875,3.3753618719061413,7.159386852475425
3.710655,3.759018958477041,4.478953504123531,23.536684665,23.45301835755022,37.29200539428551
3.737880000000001,3.738593384583859,4.466672656089843,12.936802680000005,12.755711863451898,21.290783670959314
3.74946,3.7351642371463423,4.400795072563035,3.70446648,3.4393498124978197,7.388448721422732
3.76775,3.76397386653696,4.4906581383964586,8.11196575,7.9151823584461924,13.53795497338732
3.7771199999999996,3.7486258507316816,4.423908233517301,3.89798784,3.725734856999712,7.914622029128809
3.79176,3.7973932865600015,4.489118237518717,3.70075776,3.715961677897089,8.090250639173494
3.844955,3.8077999574674513,4.5475571912406005,7.801413695,7.420248126828683,13.109663769929895
3.87945,3.7553993728629775,4.4722783307311245,13.55867775,12.671907510907971,20.58101761379196
3.917475,3.9099128704144506,4.628267492801019,4.054586625,3.9806988734734614,8.787514627513367
3.92247,3.936586286517545,4.665086599580178,4.16958561,4.145335305590904,9.105116583006811
3.92675,3.955015270845134,4.742940101352845,11.09306875,11.061968224604245,19.618192325218157
3.9492,4.002269357089621,4.784223421717398,8.6645448,8.614286488293768,15.32705860305172
3.9564,3.9735709914984065,4.741488034562991,5.5903931999999985,5.450165400197871,11.229254772419756
3.9824,3.9853379894203838,4.739406420866022,4.8425984,4.778552045075209,10.23259539245742
3.98784,3.9652586472001063,4.740513434977455,6.412446720000001,6.138977157256364,12.060739121937717
4.0352250000000005,4.063587725639299,4.859134027173142,6.2747748749999985,6.234402903052459,12.360243914902645
4.0384,4.0333901003228645,4.661087704714372,2.5482304,2.550322908986577,5.786382879589385
4.04206,4.042540670496612,4.7595034096923285,3.908672020000001,3.7252778649872624,8.49287610789948
4.087125,4.060350745300775,4.8290252626550165,4.949508374999999,4.895959764884629,10.549142634408414
4.11025,4.1293693685778905,4.887140280893879,4.2130062499999985,4.2441094042389045,9.646095275398363
4.11075,4.125274230518623,4.902215993888996,4.661590500000001,4.660058111692909,10.277980880040824
4.1368350000000005,4.1025179345635925,4.904913724932031,14.441690985,14.203440495718025,24.00131828938479
4.1932800000000015,4.166614177591711,4.99117239830713,7.849820159999998,7.625579264161918,14.152745011208065
4.221945,4.2035002370442935,4.975675529827045,4.352825294999999,4.35673089662651,9.973846926151523
4.25271,4.276511153351866,5.118077542632874,6.8766320699999985,6.704202754276334,13.263953049976893
4.25756,4.259792099327438,5.082547758950106,5.56037336,5.445216250745865,11.753196633402474
4.26106,4.282297185588011,5.074165444611147,4.3803696799999985,4.337562371266523,10.183375998438633
4.2903,4.2774534060400535,5.059588892789998,4.0543335,4.139825339047674,9.852627087164649
4.3146,4.311748887333535,5.15705788094142,13.789461600000005,13.564747044313581,24.021278381798414
4.33827,4.36080939045779,5.226200712308472,7.088733180000001,6.9130780470368265,13.72939598140991
4.35336,4.360605869891656,5.219372931915436,6.756414719999999,6.550600140903431,13.242127260863574
4.4011200000000015,4.4167936288419005,5.1141164603258815,3.045575040000001,2.996515452940636,7.905081172787382
4.4512,4.242345232138759,5.124336838795901,99.0659072,89.40138110625631,137.10979437708858
4.4528,4.449173617423464,5.309992739262663,5.6327919999999985,5.5444823196459705,12.232468261272011
4.598565,4.557115713141084,5.412827727204888,5.017034415,4.860217251086053,11.45335361251092
4.6108699999999985,4.598564127012613,5.511622639259674,8.470168189999999,8.307046200578293,15.97041505645535
4.61656,4.649401788850951,5.5524627208303965,5.52140576,5.616219865367854,12.775652412485087
4.6299,4.633042887379245,5.40874083846246,3.5140941000000003,3.4265113875415447,9.540971562768881
4.64814,4.627310471441111,5.5492984550209545,7.348709339999999,7.016744994121161,14.327806903860171
4.6799800000000005,4.677372447889564,5.578911961136212,5.19009782,5.107112937658173,12.262949434344005
4.69921,4.7126747353923735,5.616832053632408,14.201012619999995,14.203585873797548,24.706775902722352
4.739025000000002,4.7508676466911615,5.656022150050132,5.0186274750000015,5.040706431545913,12.335272196079966
4.802645,4.831035048479415,5.785311796156031,6.142582955000001,6.055460976500073,13.62259629969659
4.80361,4.815105289041894,5.753899093858912,5.48091901,5.521239413784983,12.987003811671553
4.804799999999998,4.723870346297703,5.66355329873462,8.072064,7.727384964420474,15.010729399136169
4.819075,4.827132697716113,5.792991549548392,6.963563375,6.85625438344286,14.444097237908256
4.82045,4.781863486759501,5.723667191314191,11.0388305,10.316970676835346,18.588480671233192
4.826834999999999,4.742371919882677,5.6953301081361865,9.687457844999997,9.136661077176905,16.96283666681319
4.92804,4.8909168861106815,5.8816170647857176,9.58010976,9.185620114758331,18.01134360245905
4.9481199999999985,4.916662972328551,5.887484744031407,11.885384239999995,11.019933892963367,19.965430338728844
4.955055000000001,4.986664993594402,5.97076705662938,5.703268305,5.700912484904102,13.638862879860769
5.04868,5.0838882994623225,6.069488149940147,4.9880958400000015,4.9120899061486725,13.128884031668472
5.08891,5.149552001780828,6.208904132280352,9.21601601,9.335386676178224,18.42409449256844
5.09894,5.049264446324504,6.0737319507064536,8.63760436,8.365136425910515,16.816927122010448
5.145395,5.042622386833304,6.032822066984692,15.997033055,14.88903861932815,26.7536575847229
5.257250000000001,5.276290487165709,6.345664715944384,6.5032182500000015,6.373236389853063,14.986215148219344
5.26536,5.243261000858241,6.302048727303548,6.72913008,6.40770680241312,14.89502669324098
5.265834999999999,5.267812545889287,6.3390473965996215,7.956676684999998,7.821421121980438,15.983692849724465
5.27345,5.2866977845936205,6.35602988571004,6.51271075,6.3623229324979675,14.966613375180644
5.280659999999999,5.214150447423639,6.237434577080956,14.08352022,13.71476207200804,24.137073356096035
5.3015,5.265103579531365,6.3195227353458305,6.096724999999998,5.628893465674078,14.361569665496287
5.3431500000000005,5.332088759157467,6.375892986067897,14.34635775,14.12234555580583,25.11211563324685
5.35088,5.367462775650327,6.400940034747781,27.01124224,27.554459881590525,46.3755008027221
5.354155,5.341417162322762,6.387498000454407,12.277077415000004,12.071665470546384,21.54466721488131
5.38692,5.357318752902674,6.447524062368952,7.82180784,7.4929533885828885,15.964925719292774
5.433999999999998,5.427625628845006,6.534174808549385,10.324599999999998,9.906665794393074,19.04723644974868
5.5808550000000015,5.711424020671991,6.82691092384013,14.125144005,14.373124184637165,25.474043081411327
5.598675,5.61225379840778,6.775027331189475,7.507823174999999,7.48288587778987,16.342167243467838
5.6108,5.58012159841822,6.667742689062305,15.1716032,14.613025363415575,26.208509953560004
5.61165,5.665724908427991,6.804379260840495,11.728348499999996,11.54813757334012,21.450519842706747
5.612145,5.569937933321322,6.723541086798125,7.963633755000001,7.448353171041777,16.262874885659695
5.736225,5.7666827125111375,6.974406342866362,5.3633703750000015,5.211027752694771,15.420535564432713
5.8127,5.832763965988886,7.0595907059402405,9.131751699999999,9.166749511925296,19.11955593243486
5.846489999999998,5.87685491624796,7.1154831874274835,8.66449818,8.683114706085378,18.837274226510136
5.8896,5.8972171081216285,7.153510839473662,8.481024,8.459267682677204,18.77257112325137
5.90121,5.876003595176765,7.0699203025682475,12.64039182,12.001279482965838,22.836890732683397
5.9307,5.905972227321674,7.167596588266523,6.6364532999999994,6.603254041099517,16.425085634665738
5.9404499999999985,5.914353743059086,7.1812713615610075,5.4711544499999984,5.6064613768692215,15.978727438568036
5.956875,5.949583294746977,7.192694169653896,4.020890625,3.8589423323198084,15.333966032866487
5.9575900000000015,5.941609735861374,7.1877127150860725,9.37724666,9.092336614155613,19.04705520600714
6.039495000000001,6.006497499505402,7.2882914811044275,7.990251885000002,7.42722373804509,16.911015976189752
6.0878999999999985,6.1155641778089125,7.291445331732905,17.648822099999993,17.591616511446322,32.5283513346332
6.1131199999999986,6.090685110402838,7.241673500532197,17.966459679999996,17.48345643682853,30.66001931309852
6.18121,6.169004183423783,7.439719106100384,9.82194269,9.524166584917984,19.34816241183581
6.1920600000000015,6.11007665072713,7.346250475493755,11.907331380000002,11.194690020638546,21.47130938455994
6.2092800000000015,6.181088933535904,7.484039816792032,8.742666240000002,8.590851543769569,18.293033450849126
6.2266460000000015,6.193706156924581,7.44369731305355,12.434612062000001,11.955751754583595,22.317708342293173
6.2403,6.201227594647131,7.455030360596298,11.606958000000002,11.257967077210738,21.56108305010933
6.241185,6.1914472895654225,7.465332511423338,10.429020135,10.15037457836765,20.503842547844943
6.24298,6.230034120276402,7.6100738378661745,6.8860069400000015,6.44138360272003,16.860668028643232
6.298705,6.360282103563462,7.575713124705511,24.117741445,24.30774172708357,43.32696753682696
6.3245,6.351174044015398,7.72322375487791,8.791054999999998,8.6252336385286,18.431350922717687
6.4502099999999984,6.392698417328588,7.692328657035419,12.494056769999998,11.891937811662277,22.625740991910337
6.492255,6.503376579177465,7.790928006111137,15.639842295,15.452943338677258,29.169448051706482
6.5592,6.489407734370745,7.799391701411285,11.950862399999998,11.572283238246367,20.96628137996952
6.59904,6.650893142129232,7.992606811200122,12.960514559999998,13.014564190927114,24.729382918335595
6.669720000000001,6.625879336684108,8.024423868899822,10.19133216,9.952693998355526,19.74428400865318
6.7688500000000005,6.784551620902466,8.172318059359721,11.540889250000005,11.163913352057,21.425365021034587
6.8227199999999995,6.790605645731585,8.131571162577895,15.06456576,14.20587908903708,25.933160626460566
6.928910000000001,6.894363736055027,8.448469743476048,7.7811659299999985,7.939669936618343,18.201407526461143
6.976710000000001,6.977517069934814,8.385935612160868,12.15342882,12.218487029670035,22.994378382489227
6.9903499999999985,6.947669433718822,8.496256417768603,8.772889249999999,8.567092620790687,18.30052026478561
6.993525,7.017054394272785,8.463701391597874,11.308529925,11.256025342061417,21.162543533732304
7.002999999999999,6.97859564634781,8.485852883849027,10.43447,9.82672819221448,20.07464880033536
7.023335000000001,7.008332439726548,8.376371940810099,35.61533178500001,35.383993689029204,63.149203291405584
7.085980000000001,7.107159617194418,8.63992239553394,9.665276720000003,9.760660842308466,19.899582936380423
7.104000000000001,7.1147072007077625,8.752088178606439,8.411136000000003,7.897322294180597,18.05755655931528
7.138965000000002,7.1728810643164405,8.578962693872995,14.499237915000005,14.319005465216177,27.47300383081611
7.157700000000001,7.100909838620787,8.600419310985576,10.629184500000003,10.321178789239706,20.116861794591607
7.2452,7.226218410916251,8.625052913742321,34.197343999999994,33.48426251776564,60.28124184184721
7.26432,7.229354015078466,8.655210166362156,14.034666239999998,13.26023681548172,24.13181421654076
7.286500000000001,7.273203522244173,8.649620547402924,21.495175000000003,20.837750877254813,37.599979314619546
7.2955299999999985,7.360486424051629,8.768174721028396,16.68487711,16.224157711629164,29.44502574934873
7.4045999999999985,7.350819347295122,8.848979703693137,12.735911999999995,12.330752120747723,23.673608805819587
7.519,7.487904268926106,8.910185609625382,19.361425000000004,18.48509375803302,34.08527429094966
7.523099999999999,7.556739056001524,8.97957015368167,19.349413199999997,19.574121691624924,36.9198814709897
7.5560399999999985,7.536156311638883,9.21972028569624,9.127696319999998,9.1103332108391,18.28173626669001
7.773569999999999,7.755135087024727,9.23068744364958,21.31512894,21.11971784053052,39.742827198837546
7.79508,7.852883747175722,9.336421011414568,16.55674992,16.908659548628126,30.778181879513607
7.81062,7.875421203892629,9.503538451476334,11.65344504,11.628405316903624,21.699239775691694
7.920749999999999,7.901924532945582,9.479314908251176,14.0197275,13.359010752573454,24.553386019015473
7.9344,7.939639414995844,9.698336179177007,9.6482304,9.595345036601826,18.84663602391299
7.991575000000001,7.992688447384901,9.659112838132787,11.707657375000002,11.459279674634333,21.48292644124677
8.024675,7.954769104000813,9.552675898419412,12.943800775000005,12.682697428922062,23.220271333694672
8.06157,8.152557053669392,9.675008280823896,23.16895218,22.962838370133337,43.84600460520092
8.124360000000001,8.057400241934015,9.630368370806906,15.40378656,14.208191386590064,26.086754563931585
8.165500000000002,8.195269889625024,9.732783265504038,19.050111500000003,19.472769500027628,36.63778337471692
8.195640000000001,8.139167932452905,9.654852313410279,20.60383896,19.379935401148643,36.321595193469655
8.3001,8.245190070141309,9.7934471222747,18.8744274,18.575119590969056,35.73445358872268
8.329015,8.270263121302941,9.797015904497457,21.247317265000003,21.248325757360057,39.566430400302416
8.34732,8.256699576738018,10.126424138913409,9.84149028,9.183420211219756,17.547677105192115
8.349110000000001,8.410609688248002,10.06201376417207,12.932771390000005,13.274061331171513,24.098822802604932
8.401995000000001,8.327360462635175,10.006286016973682,13.182730155,12.323573937462573,22.786406149015637
8.40265,8.5086766425987,10.0912381216134,17.326264300000002,18.043146732895075,33.817230402501444
8.435839999999999,8.412164853168203,9.973179680133605,26.45479424,26.963377166963237,51.28273899127472
8.530240000000001,8.51147631972732,10.386208394390257,9.886548160000002,9.555706286169832,17.438851132249013
8.557175,8.535584434438201,10.220627011598598,13.648694125,13.22759560390518,23.750751380341377
8.5894,8.536931478508741,10.121209489393044,22.0232216,20.880045887288748,39.796329712733744
8.595435,8.548388740526477,10.276806268604027,12.282876615,11.935153348386546,20.81913823663668
8.6436,8.585915562808019,10.20378580207417,16.941456,15.884703952290378,29.22680679092389
8.677305,8.694030823974249,10.34710207771461,29.702415015000003,29.160606958500967,57.188063613413036
8.685645,8.715706062908508,10.353668156590217,30.981695714999994,30.4151836284035,58.74053574896875
8.72508,8.663428047009546,10.280843300305344,17.22330792,16.476178643832743,30.445355926404037
8.725900000000001,8.924242026461503,10.5717224297051,21.4482622,22.833838932052355,44.124691481347426
8.739120000000002,8.673277977950256,10.270647169260359,24.478275120000006,23.613686239878625,45.273143724868184
8.746049999999999,8.71849543684018,10.345598174281138,17.4046395,16.43233364490504,30.14589906124321
8.756625,8.786065932889212,10.465752654997296,32.285676375,31.71618042202332,62.00745558374944
8.788345,8.697347394420609,10.348440266622212,16.073883005,15.482510102215812,28.279345919207028
8.832005,8.862965754099525,10.492713555328448,24.491149865000004,24.620751356696363,48.32379568532253
8.835909999999998,8.82641013149608,10.4696805605915,16.66452626,16.30663522950943,30.261369847003788
8.893044999999999,8.913049478075454,10.550464716257414,19.360158965000004,19.05672192399064,35.81809773162861
8.913120000000003,8.879291066034085,10.58071126680029,13.262722560000006,13.289023588322554,22.790968283292475
8.98062,8.929631266577026,10.685503462095332,13.03986024,12.700454219266028,22.495104411913786
8.99392,8.978179355909433,10.618692557942694,21.51345664,20.918432965659907,40.50171320565655
9.0125,9.002565102710898,10.676588881520557,15.771875,15.645362151554684,28.738103591368947
9.015299999999998,8.971514859862372,10.655097351730694,15.335025299999995,15.19521148628071,27.593126768663353
9.0375,9.087167880171975,10.740659769903871,16.9453125,16.49894885841491,30.251251053733906
9.05388,9.063056260891159,10.763621738358657,15.13808736,14.304543135564428,26.226431982476306
9.104395,9.083472352294487,10.774193075833239,15.195235255,14.905324964712381,26.627573324006953
9.116625,9.077726422208636,10.73363195365818,22.016649375,21.346444717810602,41.32431510995062
9.164925,9.170277711669062,10.867116150149503,14.544735975,14.488261032671698,25.31420870377516
9.17976,9.220282487007788,10.898555733718784,15.26594088,15.053175875371375,26.753971026173
9.274375,9.286070373165598,10.972417724576843,22.026640625,22.113372835140872,43.37261899558293
9.303135,9.288742567751392,11.036133521399515,13.387211265,12.884939204568012,21.85999627993623
9.41967,9.404647433751249,11.11742763027511,14.07298698,14.132811530196404,24.3077745082772
9.579040000000004,9.461182578779153,11.16646761128494,16.744161920000007,16.177331867840618,30.38934230295191
9.58561,9.677557895200176,11.399752984363866,20.95414346,20.928939498009747,41.01161554840288
9.657355,9.617889572166344,11.316370273565008,17.547414035,17.633483959056534,33.60702487904001
9.75612,9.759580942728752,11.477404538754358,16.312232639999998,16.491808901833988,31.18366567008347
9.8747,9.796616374902877,11.5663913250056,25.5260995,24.73996448671999,51.46317876278668
9.91863,9.830362075015797,11.547701016639856,17.050124970000002,16.449277574948088,30.619658542172946
10.11549,10.158063922392039,11.90530799151932,19.361047860000006,19.812417507684472,40.13907001705332
10.122645,10.188308687587098,12.008653374999245,25.843112685,25.698687899249684,53.66880401898437
10.12652,10.035591099228718,11.850875631784296,26.774518879999995,26.15485532298979,54.821525954733495
10.21014,10.219603634816039,11.955845924870909,17.683962479999995,18.004738284621247,35.51893233843846
10.21761,10.268456678770011,11.998146666346805,19.58715837,19.512359836717906,39.066358152912386
10.249064999999998,10.197677614995797,12.015427580959836,25.099960185,24.829799092179254,52.35402098159644
10.2656,10.174343093167666,11.993179404071062,26.279936,25.40098970243217,53.567093017141524
10.33604,10.335756518215936,12.061275862295409,13.974326079999996,13.424288238026396,23.407300850889627
10.38451,10.46420807172484,12.497375731510935,52.73254178000001,53.21083953763359,98.4002791987504
10.4291,10.390242250670827,12.145201946904221,21.796819,21.49149916148172,43.39208811526026
10.557160000000001,10.608792593906813,12.378543177905991,20.22751856,20.753327434015837,43.09484920065608
10.55808,10.592793561396252,12.266091950819556,12.90197376,12.96409895863877,21.867057668067797
10.57008,10.474353797046966,12.280162225294445,22.89479328,22.618857060016303,47.9297014611553
10.64293,10.61175236128248,12.30376953605205,9.94049662,9.923802525269275,13.196067879793263
10.69776,10.65858582234213,12.501200504274145,25.09694496,24.070105556962186,51.47920729236224
10.909245000000002,10.829833026172023,12.697308469683056,25.84400140500001,24.77258920957561,53.308396554869184
10.91315,10.822798302942333,12.937180921160412,64.37667185,62.24925648637179,110.07177643013712
10.96596,10.92725695174975,12.911810387107913,32.196058560000004,30.723702237401234,67.42356831873165
11.031055,10.9938706970471,12.807613673276006,20.925911335,21.273681170690452,46.50001159824314
11.04813,11.036477659526916,12.714363822672247,16.50590622,16.246011080426925,32.868187196791396
11.08314,11.12450332638429,12.895169366364328,20.370811320000005,20.077814415127865,43.824680037092975
11.089,11.064203606186387,12.796998580000135,18.917834,18.410298146418548,38.66318138911989
11.12152,11.044780721345095,13.206770994336473,50.69188816,48.30840997952087,95.3785643125862
11.13889,11.115711678583109,12.754659224358726,15.616723779999996,15.441840354798074,30.44569357401386
11.21802,11.17519098587906,12.862315088047055,17.02895436,16.563416906636082,34.389745842839716
11.28831,11.245104252261289,13.225483840086255,29.32702938000001,29.141034164672032,64.82250767223883
11.297175,11.224505570529564,13.361263612383436,39.57400402500001,38.8259904133656,82.65151301403276
11.342624999999998,11.280075205667194,13.168337014172616,24.670209374999995,24.522342993323164,55.39239216784732
11.358880000000001,11.251502215529644,13.102430426891207,23.08124416,22.593890317169322,50.86296524386889
11.372295,11.333207808069785,13.064053082747098,19.639953465,19.195701580424853,41.924830036859824
11.393226,11.310374077125818,13.51487656629089,55.166000291999985,52.82961043689375,101.28012492874204
11.458765,11.516302974736107,13.35634779353004,22.012287565,21.73579907133287,50.29773352186068
11.538225,11.593499472319925,13.661988966408694,31.141669275,30.920782436956426,70.72638837862588
11.643605,11.80382330674905,14.084665150774395,181.97790254500003,185.18326708632702,299.4274994252895
11.69195,11.750979812184296,13.621953129329837,23.0331415,22.717328232715722,53.847051134808346
11.79198,11.845505382231707,13.823743522167186,26.63808282,25.625594550249115,61.78413237825096
11.810145,11.792332813404839,13.780900518613153,26.797219005,26.83101510548652,63.55186291889478
11.81178,11.907499424257699,13.991457929040525,29.90742696,29.739946428789743,70.45747718842509
11.8499,11.709300101916243,13.9019190604264,39.5549662,37.79544346524128,83.41145828549107
11.898645000000002,11.900957496588685,13.806352439358285,23.190459105,23.311456632252547,56.432037483782366
11.90952,11.846808502470903,13.975144452717831,34.013589120000006,32.68415110278341,75.07658719707085
11.941625,11.945447381934331,13.9022864716684,24.778871875000004,24.667444251777738,60.085816786310275
12.01035,11.978083964034223,13.6696009547495,19.15650825,18.29514375978627,43.82141273149314
12.074025,12.097801506171178,14.078569734432847,25.464118725,24.97755219584545,61.93841190754799
12.11925,12.029901464994747,14.22638110692154,35.60635650000001,34.193001752265445,79.92066032033964
12.139785,12.16081780573681,14.225295222729356,27.520892595,27.90016758161332,68.30130595331468
12.15358,12.1022708447254,14.279198997768793,32.53513366,32.056798772341324,76.42032794818682
12.33792,12.360356552105735,14.406290341224755,26.84731392,26.40812845486044,67.15496937050729
12.370395,12.39919768482576,13.823651301601718,14.188843065,15.039991479567197,37.06787033064407
12.375,12.454665861963448,14.378062089804153,23.203125,23.04513374479135,60.180400037429116
12.41508,12.478152935848017,14.742970367464256,33.471055680000006,33.51263114815398,80.88658041021344
12.42325,12.44497525214658,14.987962663396985,67.39613125,65.69120300648144,133.24747626903357
12.437375,12.353478780694447,13.921621214824967,16.952142125000005,16.902283559925774,42.53606274315932
12.55857,12.539198054694259,14.697239826736658,28.85959386,29.24023021949452,74.4825630543822
12.594285000000001,12.664375049738492,15.080919247416016,41.14552909499999,40.7117291310154,93.94131559174735
12.7452,12.643492132376931,14.809347192810339,28.4982672,28.68709118917529,73.99190612107388
12.818,12.873967873197985,15.422196226656746,63.19273999999999,63.13722670672659,118.99796092818785
12.83595,12.764159374524002,14.836373018219518,26.467728899999994,26.05102887616741,69.68901920478332
12.9162,12.923814395070606,15.057957353976299,26.607372,26.660026109747143,72.69836942954538
12.91864,12.874509932625168,15.417138310068404,51.82958367999999,50.78429283818711,107.45686073582209
12.941675,12.77315867634048,15.268302570972528,394.086945425,375.5284003939772,599.9349521496963
12.949920000000002,12.948066357826411,15.100033149176346,28.593423360000006,27.496400047589184,74.35979616326941
12.996965,12.94628141032717,15.250238636175403,34.09103919500001,33.094569329809076,83.6650814590583
13.03022,12.974773258526321,15.154781311984939,29.734962040000006,28.604328070148025,76.19652342041917
13.07287,13.042363980501444,15.11260252865618,25.24371197,24.95812703097703,70.13997694708824
13.10961,13.199194012723535,15.495604279062045,30.23076066,30.51430090626955,81.86120292491819
13.144570000000002,13.110549210949964,15.548741302124323,37.31743423,37.60044472772597,92.09397022041873
13.14623,13.215858649062856,15.200282759209054,23.05848742,23.21065609167463,67.78107622512455
13.15116,13.253922750592794,15.894970287188453,53.38055844000001,53.22263188907192,112.1832249592071
13.30936,13.256450986191465,15.541173482138117,30.33203144,29.699162892236966,81.43886081217059
13.4284,13.484626097582481,15.796052319077067,30.563038399999996,29.54515777978517,83.18893938541139
13.5141,13.499183363568322,16.187964586688462,86.760522,83.43250363298475,157.1355251687236
13.537439999999998,13.596986240448782,15.939617206018319,29.944817279999995,29.636128389478284,84.48681040526245
13.58646,13.534079016201751,16.196249189691812,48.44931636000001,48.278702512303106,108.25637880981562
13.595679999999998,13.588171157167402,15.49633972031917,21.644322559999992,21.604977316504712,68.57178964185083
13.617,13.574604620726301,16.218356774469687,242.3826,235.53879613782303,396.70927065895677
13.710234999999996,13.710875866440551,16.24550620548448,36.04420781499999,35.551454664762566,94.3208827052427
13.879595000000002,13.92976079795825,16.70942396419126,50.896474865,50.53429012911437,113.28179418594969
13.984879999999999,13.874321907459324,16.540708431833643,41.08757744,40.92773781117072,102.5751511512026
14.0079,13.860559257421773,16.635124188869725,61.70479950000001,57.731702354510276,119.51196615334949
14.02026,14.007124265362439,16.613471071483172,36.20031132,35.72503980570782,97.71545768125657
14.03314,13.883739669517524,16.406950429872232,35.04075058,33.37573888817801,93.3354793877935
14.07445,14.148222563370712,16.960601918934586,53.97551575,53.8778580123143,117.37776451514445
14.195519999999998,14.337917079745912,17.305412242282408,69.96971807999998,67.88388220921246,143.38455548168818
14.43108,14.478548422062536,16.908041719708542,27.823122240000004,27.707327466507174,91.2460547503854
14.46774,14.543812126019715,17.470804751922646,61.02492732,59.185264904294826,123.81449415468133
14.474479999999998,14.541758878357374,17.037620443138028,28.54367456,28.65158123806933,93.46345533807434
14.556595000000002,14.581758838991547,17.094176667582797,30.292274195,28.85339245964499,94.06811877830805
14.597625,14.548846492305222,17.261766490293507,34.231430625,34.22476526593114,100.96246575820776
14.647875,14.590141589169324,17.451327029054934,42.698555625,41.66659783199246,109.47348834003776
14.72,14.758661920377655,17.733608833771772,54.1696,54.26438920632877,121.87951874342922
14.83889,14.830523874798795,17.807930004529787,79.49193373000001,75.54548566894002,142.70169744924974
14.9773,15.123212022296615,18.098530835088123,39.9145045,38.78378021140341,111.42765002131321
14.980604999999999,14.9727945120579,17.996961003208913,52.866555045,54.17802666920273,122.65995428302591
15.03128,14.983078966390185,17.883084594377912,38.35982656,37.520353469421416,108.77934762000086
15.113559999999998,15.195122990017278,18.231867740262267,42.37842223999999,42.01593918900398,114.900664560139
15.20225,15.078855206409063,17.972301981463662,37.7319845,36.04687310028364,108.22202235079685
15.3986,15.482941089820624,18.574657857583524,39.8515768,39.784110594035155,115.6026712619123
15.47724,15.543377200755828,18.6514011842036,39.528870960000006,39.83174040092625,115.98678576743696
15.494490000000004,15.554577009636954,18.653615558423294,39.32501562000001,39.40221651074168,115.77925437215117
15.517575,15.366350317624367,18.513517702166983,55.16497912500001,52.55763532512759,123.92905746561605
15.520844999999998,15.640439378169765,18.720212765185074,36.582631664999994,36.6299854339004,114.45574656458464
15.588625000000002,15.39982890365777,18.416881580271387,917.000865625,914.0294925620165,1393.52983942144
15.646120000000002,15.614945518463594,18.790478195870264,46.01523892000001,44.25765675354435,119.98114862422224
15.75959,15.838537687569465,19.10461323354239,46.55382886,45.832556434909954,122.79561305280191
15.782519999999998,15.673145917085733,18.90865220494384,61.96217352,58.47980061730495,129.98918481471114
15.83973,15.892161886475028,19.16434616692253,47.24991459,46.17455468850292,123.46081423423536
15.87441,15.86652786266193,19.138647046663067,47.59148118000001,46.79676277159281,123.66730924630545
15.910439999999998,15.867716025224759,19.169867195683427,51.29525855999999,48.69923521136343,125.03035275266407
15.928965,15.786467795313484,19.05851443108445,53.473535505,53.18157618101129,127.10321641578163
15.9588,16.044498281128607,19.34842139085722,42.131232,42.849217736216005,122.40199965009958
16.05278,16.005969355605146,19.030208142717196,228.04579267999995,224.88131343090348,376.58615923747254
16.06269,16.013152037331103,19.271215655490735,75.22157727,73.77551164869482,145.71871008458652
16.10112,16.08688150733381,19.458225232867196,67.51199616000001,66.0117569225995,148.3489752015666
16.359479999999998,16.283977019392278,19.672016813359498,76.90591548000002,74.2708543735897,153.35092504579276
16.44066,16.311634463833336,19.464753464220927,29.395900080000004,29.02658641396698,116.04338940737829
16.675919999999998,16.74640829104476,20.296821903421353,42.42354048,42.237233109702466,127.50251175565735
16.783935,16.780912717795392,20.35390943395564,57.08216293500001,55.96812570559493,134.23738351179858
16.785829999999997,16.897658124868222,20.447333260581342,63.81972566,64.82952356396169,138.70062262654812
16.8728,16.72237962153413,20.164069300643607,86.9286656,83.26025833128416,165.50392712567958
16.907189999999996,16.887658153741643,20.513508357014157,50.28198305999999,48.88105250471074,131.4718058497073
17.06198,16.982525853413712,20.633244893013114,60.77477275999999,56.53366845099797,135.3498463946075
17.0829,17.106596951052058,20.767344897289984,58.423518,58.446459106329634,136.66780965012572
17.13393,16.956683165684804,20.607457706167892,45.79899489,42.12229828674364,129.05142270914828
17.5398,17.371972040004902,20.95405363209908,86.29581599999999,83.02788555109117,169.81587538217718
17.710875,17.746958045878934,21.740015753370336,39.83175787500001,39.707128089379374,133.32717239475636
17.763995,17.831747827643714,21.49111510962752,89.015378945,85.72710258948379,166.40630152447469
17.875600000000006,17.819181950227758,21.290866081212823,119.230252,115.73919855826469,206.05046494635863
17.883975,17.71288655912909,21.574289039344748,63.649067025,58.95081520206472,138.98541591854493
17.902825,17.899179388982443,21.629384103968807,79.040972375,77.22412880743492,157.5571921552586
17.92875,17.957007720958426,22.003969272380786,47.06296875,46.997107423833725,136.15519924167043
18.020745,18.08901946314337,21.889660343077637,82.94948923499999,81.92633059969369,165.5712084797993
18.2144,18.17247752317685,22.334372655903493,46.628864,45.939475609608316,136.59234752589376
18.277830000000005,18.321820449976453,22.202261366020263,78.97850343000003,79.50337113454593,170.36387030773318
18.34704,18.30994774118525,22.55783080081116,40.216711679999975,42.511639883307815,136.58544933328884
18.66664,18.639131041970813,22.978055067301675,52.71459135999999,47.87126254711778,138.42307549800398
18.679045,18.558400904201182,23.002022010114214,41.710307485,38.47762272648203,136.74874511935246
18.70131,18.87401250882705,22.753524007594038,94.14239453999998,94.26029431358431,186.4754464228285
18.73704,18.65089679187953,22.667422969035627,76.99049735999998,76.12089080808855,163.9383804408482
19.04094,18.933016602315085,23.29276211076116,54.43804746,54.17565985659969,140.16117936769746
19.10351,19.038822811805534,22.86156566045333,106.86503494,101.85207324377888,190.03321948691055
19.21185,19.224420277363514,23.47156738167903,71.94837825,67.8998921429384,149.07558715168943
19.22085,19.188772566720637,23.47209610078621,69.7716855,66.49714226109225,149.17722097585138
19.398665,19.243133538959803,24.150441800588922,40.48501385499999,35.805357688200104,137.71580414318672
19.398885,19.261206425228966,23.78435213366333,56.974525245,52.721256212483475,139.84401945968307
19.6833,19.6924439185904,23.65889994830885,105.4237548,104.98894166066765,199.40761505895046
19.68417,19.74438579137345,24.126151567509886,72.96921818999998,70.78768426209352,154.76083753355144
19.77724,19.8643195968896,23.68359928740887,134.64344992,132.93630206051662,237.69564555055427
19.86213,19.851853805384568,24.234183862188896,76.01237151,70.77898746949441,154.45813415403384
19.87732,19.8579249944838,24.733582916825174,51.91955984000001,49.41920394869951,138.58513651911716
19.94535,20.007447325579914,24.39570362659631,75.9917835,76.60244658333839,160.69663450448058
20.05146,19.938284962463122,24.170060958817338,89.14879116000002,86.05254679588016,175.94649434145626
20.06856,19.89116096809521,24.82580629760764,52.33880448000001,47.61724304114188,138.35442847084562
20.163,20.08413826772131,23.83236287211669,172.99854,168.27833186398217,297.62343128633074
20.316690000000005,20.184179108992268,25.20900301784239,51.563759220000016,49.081319663071845,137.81278946596166
20.4402,20.579515660369147,25.301208213276944,66.63505199999999,66.32773046275237,151.94952972063098
20.523329999999998,20.445324777342844,25.552800596190444,57.42427734,50.616726341346435,136.92280954846277
20.73411,20.83511317097165,24.93767276661937,116.50496409,115.21243815314705,216.52128218460618
20.73864,20.570854309487814,26.004560583283723,48.65284944,43.18547469978196,135.04703498908822
20.79,20.749388521252,25.432866689143967,72.03734999999998,69.22481073101292,145.78371645664862
21.15428,21.005749858314548,25.757461233875322,74.33613991999998,70.69697471912824,155.94220386348087
21.1869,21.166910033238658,25.445860535688247,101.4428772,100.37867263598179,186.34942146563355
21.19656,20.96759834558692,25.71399062641534,72.93736296000002,70.23666260420748,150.3883249341936
21.24174,21.214921973683726,26.333161105233103,66.55037142,60.19889643354291,140.69190209595192
21.3486,21.218651232475697,25.6662104857623,95.748471,91.63666584936188,178.00849698858897
21.484820000000003,21.35686085712912,26.75546840258317,59.25513356,53.57507078444311,132.2236896988126
21.522075000000005,21.611807634704448,26.12371262029881,92.17904722500002,92.34846791470058,175.890665369975
21.5758,21.3431594907288,25.754829119804,100.543228,95.3180516725593,180.93570599516795
21.6792,21.775644785407405,26.982020437176754,65.2760712,63.84924596125255,143.27683821162427
21.8174,21.695700669086676,26.050094094235874,112.79595799999998,110.73087520655058,205.87483346019246
22.00752,21.829769802037347,26.988703133606254,69.58777823999999,66.04332650967184,149.9068307229081
22.07548,21.837595069822378,25.99612269587297,142.07778928,135.81594710115343,250.72998389997116
22.1552,22.13991506284215,27.06987669712122,80.46768639999998,76.4990035354814,154.78687904877057
22.21632,22.034159923661214,27.13329155332653,73.44715392,68.64604385292944,142.7576566075259
22.41846,22.500841588916888,26.866272128981162,124.55696376,119.2706292076817,223.6932668482761
22.494920000000004,22.283228980965735,27.286795008316048,78.57475556000003,74.55952251068824,154.77950128760008
22.52772,22.487245290277944,27.373167308458466,82.92453732,82.85972693025974,160.5236139564511
22.58909,22.216219047525954,27.625054711686353,67.45102274000001,60.78158175686878,133.5819754397697
22.79139,22.609589826665047,27.540839091765037,88.56734154,82.45841550434014,159.55541376457575
22.9146,22.868120728227183,27.967041314367126,82.950852,77.03610338293215,149.998970830038
22.93112,22.91289421560284,27.586704773776557,103.51107567999996,98.51315168767002,182.51215579219124
23.22126,23.177430655507962,28.48452469315269,75.84063516,72.57924340998561,139.65767988015853
23.382479999999997,23.128313921124388,27.922800997776772,97.45817664000002,92.93504293755657,170.8554245257354
23.42151,23.589470262490067,28.107461988326484,124.39163961,124.99219514271627,230.44947305475654
23.49,23.160422633393807,28.43946892609627,79.27875,72.82023437583615,145.0409753686809
23.638325,20.79594429256084,29.959195468137693,48.907694425,9.485485497604026,105.52609333675731
23.71092,23.468019192638273,27.950922681186785,142.69231656,134.00924407013562,253.47892365714898
23.74066,23.64787865943948,28.221633948145357,123.73631992,119.31776613481763,224.26198045491947
23.828805,23.938556208231923,28.42908346336571,149.621066595,144.6917187105852,272.6797187821931
23.8548,23.58892561384291,28.29446573007859,110.49543359999998,104.58693337734094,188.6244391904057
23.86137,23.74011437044189,28.216191592617058,143.59772465999995,138.169763837743,252.90264590338117
23.8633,23.65485656588705,28.783025509005178,89.6782814,83.04135954808146,155.65595912969152
24.1713,24.023228901538964,30.403154076791573,54.60296669999999,51.52000805406414,106.11482186969894
24.589335,24.659693665414014,30.245405484380267,70.84187413500003,70.9778705842317,126.14527960790308
24.65367,24.705097499410577,29.446704687968154,113.18499897000002,118.00353957645977,215.77758498551282
24.88755,24.496760657973113,29.562274522265007,99.5004249,91.86463712737459,165.22551584885153
24.96552,25.222001739732946,29.862645747122194,147.69601632,147.85048996219382,269.9032132065324
25.14816,24.96027592014656,29.68525539411572,133.98939647999995,124.37090729191313,230.23592245532467
25.62324,25.577138328978272,30.451709348725682,109.97494607999998,108.97851383565724,188.02112212309072
25.63165,25.215340329868173,30.874962982730594,82.38012309999998,72.43040837415235,124.99671420100552
25.659315000000007,25.4338654182202,30.655202503111237,93.99007084500002,87.68636734161501,152.2415699603321
25.73624,25.755391848129026,31.06031090878993,85.13548192000002,85.95726833020531,148.28417799300047
25.757480000000005,25.82408937042131,30.57177324508708,141.46008016000005,141.50240527219447,266.9528355827993
25.76044,25.76569350891578,30.459464950558104,150.64705312,149.50923376421414,278.84254774486226
25.97305,25.796095796257738,30.64410464045089,119.39811084999998,111.05641526145928,196.0149313888286
26.0491,25.879729587473626,31.03604935633648,97.42363399999999,93.3492835131663,158.70391235120638
26.12628,26.05674868649612,31.17512044824567,95.93570016,93.89898263712068,154.8328984845552
26.226684999999996,26.25909040724635,31.007920945547827,156.86180298499997,154.3458713387411,298.8961085029237
26.43501,26.40841572746622,31.226294115863862,135.82308138,135.5521585047563,252.17226646957417
26.45945,26.53861934832085,31.514303980218234,108.88063675,108.54397108234006,189.2269354738806
26.688670000000002,26.76919298425981,32.053300188013054,88.98002577999998,89.17681871267477,148.36025584075497
26.789780000000004,26.85358050098527,31.645262937375488,142.68236828000005,142.52231359283113,272.66521915534906
26.794375,26.693023111483132,31.5397307330771,133.569959375,130.4181772033719,239.87114439679613
27.149265,27.178511589757967,32.36739742140434,1030.8847413149997,1007.0372887469388,1638.2676917710041
27.42168000000001,27.23294998634821,32.306058331738164,100.52787888000003,99.14294580284289,163.72813252647597
27.56073,27.58815884593223,32.461028395117374,126.28326485999996,123.21984477408822,220.69307654219932
27.602759999999996,27.75591028864139,32.64446041360082,139.03510212,137.32083261302964,259.4865306349261
27.6533,27.82535445012424,32.73242007406949,140.31284419999997,140.18769330492177,272.439595701258
27.676200000000005,27.841905735652894,32.70503087612177,158.75068320000003,157.08681133109806,306.20924494958734
27.7134,27.659056679440063,32.544364964614715,134.27142299999997,132.8032135038375,250.98459272803342
27.7472,27.630956307985716,32.68077922771306,102.99760639999998,103.37563468445988,174.50681468369748
28.18257,28.180546107876314,33.310954189962004,93.05884614,89.93076871852728,137.64577053769764
28.18275,28.191343456580572,33.66760935602956,74.6842875,73.66894845472017,99.01797749031192
28.318440000000002,28.386964524353328,33.24781406980295,142.18688723999998,140.6087745039432,268.3523167929492
28.45676,28.52076508298385,33.61863760286398,93.50891336,93.49510214432442,147.39319676702988
29.07016,28.69835586562262,33.618557986156745,131.22270223999996,123.27279993600912,227.283935304428
29.108159999999998,29.349371866663628,34.33481444452973,150.89670144000004,152.014426717303,308.25492997512015
29.19375,29.432858576906966,34.433253490001285,164.21484375,165.51568661721254,334.941750241347
29.345315000000006,29.53686877100593,34.54964468490327,156.146421115,160.94403798843808,328.5797936923638
29.385689999999997,29.74429023325613,34.76506121439858,156.86081321999995,161.2164752198165,331.58137412250306
29.3895,29.04155475472611,33.96015828337012,109.68161399999998,103.78110167673799,172.48732115297736
29.419,29.619771212214985,34.54735208840405,91.1989,93.11099084391745,144.37447888245595
29.484740000000002,29.549107109135523,34.69222987122174,198.25539176,193.40348176683528,408.8010899948555
29.497715000000003,29.24109473422708,34.17013970034153,150.408848785,143.3859893783488,279.1075933002164
29.697125,30.028585683077587,35.23390650199186,190.685239625,187.64471563543663,401.7479269751075
29.702789999999997,29.845136785687746,34.71939196102434,122.79133385999997,120.48350863463304,224.05672022154098
29.98832,29.937133589776717,34.868915045392235,80.00883776,78.50872988492168,100.85622769301996
29.995845,29.954259779571824,34.92498849671197,152.88882196499995,153.31302188763848,308.90192683363813
30.295075,30.50573537040688,35.53348611608869,159.20061912499997,162.22596349597103,339.59090500549087
30.35235,30.732560052542023,35.4359871829839,96.06518775,96.701633353284,156.57867894391637
30.48297,30.50877383513149,35.524164487830845,163.44968514,160.56846680436226,334.09399760449725
30.491775,30.60759087571873,35.31223270274119,103.824493875,102.44493862903514,171.75295092171768
30.675959999999996,30.669581758890097,35.330406485827616,95.34088368,93.97091696870982,145.30722454148673
31.132440000000003,31.149790860639033,36.120741493619526,158.37072228,154.77592012632024,326.17175112906534
31.133940000000003,31.31297534104905,36.006826336932825,122.85452724,123.49806596615808,238.78450306897503
31.321675,31.547770319920243,37.63139272270608,336.551397875,346.0657601272074,720.0184347089711
31.34807,31.21654464813639,35.8992148201119,119.40479863,118.02401995734851,222.5521843325234
31.392865000000004,31.473610852515048,36.801186920357694,205.529087155,201.7557530879716,442.9868241549769
31.434055,31.428306725253428,36.9289578393092,216.926413555,217.94503753364208,483.21488625861366
31.46265,31.37587544695793,36.240732058912265,142.43141655000005,137.78886682214366,284.3838556409174
31.517280000000003,31.34754445180563,36.113391116976416,128.33836416,125.74599827716564,248.97478458890484
31.523579999999995,31.416017807566856,36.34093728818919,150.84033029999995,151.24348412264592,321.04403069029263
31.94073,31.897863181198353,36.972346828856175,160.78963481999997,160.25393922927918,354.1719896529812
31.967770000000005,32.01941285995524,36.766948344221866,134.20069846000004,131.8587994106366,273.4824345324837
31.9872,32.07442529406045,36.714727525523365,122.830848,127.23005294582514,257.8104614262629
32.183975,32.32786140215384,36.719956908410786,112.161152875,110.31592156156765,207.90731037214584
32.322075,32.00804369181603,37.55609757002067,230.876581725,220.36960100225681,494.31014096244866
32.50151,32.48036991405233,38.98217930134347,610.6058683699998,584.7854592809592,1094.6177593980199
32.687095,32.318968505359194,36.917691681870345,134.311273355,125.96196148322714,256.0075780336746
32.975125,32.91568303082367,38.004909373488324,173.284281875,170.7097442160646,390.5806754555822
33.2481,32.940182981663746,37.864015713738155,153.1075005,153.05783709377943,346.1082747631313
33.79545,33.40148210227589,39.12439326243461,232.8506505,223.86410815427837,526.8139466534238
34.253370000000004,34.407604676767754,40.29390861757846,234.19029069,229.20846447362166,554.4953404147789
34.34,34.33940773508635,40.739880240394285,294.80890000000005,295.5324373921926,676.653144535678
34.534499999999994,34.73291994202632,39.4469997440278,138.27613799999997,144.27239433056712,357.1183345888594
35.31849000000001,35.34027487464702,41.32972380753258,232.2897087300001,229.19980575552108,577.804835791379
35.67348,35.86851210516697,40.841688829286944,158.28323075999995,160.0054725042163,428.34953195885737
35.707840000000004,35.55043661624755,41.315477687864416,209.71214431999996,204.8533974588448,532.8366332252808
35.937865,35.83841549369377,41.33652856676398,181.522156115,185.04958360930593,493.9471216115038
35.97072,36.146854793241076,42.26928944331436,236.11180608,233.93636194155587,599.9602867716056
36.1785,36.37641427939175,42.042434403150104,193.19319,194.72813909747376,529.4364530882821
36.24985,36.341136531801325,40.188391845596115,121.11074885000002,121.56091101565201,326.50561272543325
36.36657,36.3504625377588,42.780027126936396,257.80261473,263.06068051594167,659.1649782521521
36.91332,37.21784401026049,44.58851491304385,420.55345476,421.21643777882576,892.0797566343426
37.28496000000001,37.17197411884937,43.79349133543642,267.85515264000003,265.6394207723351,683.8430436422058
37.923295,38.18588805248621,43.67330048844404,177.44309730499995,178.45871737472982,545.7317219897561
38.172985,38.20578542753138,44.676067178475904,239.077405055,231.27989536852473,654.9184092520899
38.24085,37.93441614705477,43.68479509553063,196.29028304999997,193.02709421252206,569.6363552476703
38.24394,37.95854338490885,43.71425857718323,195.27355764,191.960179373571,568.0332676222757
38.53894,38.460784748854266,45.2606523954624,262.41164246,254.60473461512188,703.2903545796477
38.863495,39.160352876029066,46.34885372991372,282.576472145,280.5628420443189,758.8248945829694
38.95947,39.0120118262761,44.46404849355977,177.42142637999996,174.4037741205283,565.5586605130001
38.971605,39.19493342266036,45.216458100879535,198.404441055,197.2645945127639,621.6542401221283
39.292384999999996,39.24696510799987,44.21843864389741,155.087043595,155.56429949876218,531.2125652200509
39.4896,39.64241197716952,43.86636107971594,136.7919744,134.6356303060287,492.580486887983
39.55284,39.83864612351406,45.04736935069572,163.98607463999997,162.59902959154562,570.4340334067348
39.56953000000001,39.71931433127589,46.69254200676559,241.25542441000005,248.00957020512695,728.025070625422
39.62075,39.51736557400019,44.79235409825725,165.41663125,164.3793365413732,563.6284746595287
39.751475,39.97804212322,46.88708117987295,234.97096872500003,240.2227420954364,723.1630412112006
39.824785,40.1794629807614,47.887105724498475,334.24942050499993,336.6750037035415,850.2403434853917
39.986835,40.20130504758499,46.27216398560884,192.296689515,192.0966352680648,648.1195373403469
39.99954,40.374324934711865,47.12673496018678,220.07746908000004,224.34385286490985,711.2640339770301
40.066845,40.12356910676239,47.038312743422445,232.828436295,237.91664816069115,724.9031050925
40.191375,40.0316586243138,47.09789081717408,257.42575687500005,250.05271508178225,739.9451314327757
40.310805,39.975133533278324,45.87023309987226,190.387932015,184.87775561797326,626.0176715266892
40.37085,40.50770334547366,47.88135383116303,270.28284075,269.5278080153888,781.2676751646002
40.373755,40.79883081054742,47.2844171531341,208.045959515,206.017125898337,695.1362946219818
40.54490000000001,40.576160054260015,47.8090216063617,258.676462,255.3157601392799,762.842185930946
40.59207,40.26935780081024,47.91536442397143,326.60379521999994,315.5459679278442,827.4020015255733
40.636540000000004,40.342643701662716,48.342835930128565,406.73112886,393.93873732850915,916.8896133855172
41.06699999999999,40.926091990728644,47.62607524129872,216.21775499999995,215.3220899236416,713.8354639705902
41.216359999999995,40.89594882260185,48.174116490851496,254.88197024,253.59089893721446,769.793587863351
41.22349000000001,41.25790256005432,49.1646455819509,309.2586219800001,308.63406568076294,849.9225893559783
41.280375,41.334775552080366,48.77764523944662,257.218016625,257.59738523232295,789.1775969553318
41.62606000000001,41.913275573409535,50.12908796486394,339.08588476000006,341.40810388638994,898.4873817667703
41.92200999999999,41.761352569233715,47.74608984451806,182.02536741999995,176.21276080957753,680.9229458329603
41.925,41.79227699680948,48.79673251099275,216.33300000000003,219.89707024779617,753.9531820203027
42.06685,41.791331073308186,49.424156778032845,269.1437063,263.8537782335355,811.49386658269
42.18722,42.38123769163584,50.35354381487587,279.61689416,280.22524018859843,849.1407195123753
42.2878,42.499403459632155,51.047679590487405,388.7517454,378.19337168587606,946.0229388140176
43.14354,43.02364168793108,50.85071350009848,258.34351752,253.40739852432307,838.9128783506115
43.34256,43.548437059773406,51.42160272587447,246.53248128,242.80519734166785,845.0235849273171
43.40723,43.35422597488003,51.67895595157604,291.2191060699999,284.14115736181253,882.5073170553399
43.65321999999999,43.86588675257101,51.31869809357311,215.07941493999996,209.7174476026687,820.7916556063727
43.67041,44.05172236675145,52.890426860016426,344.8652277700001,338.43874753398154,947.9121489909644
43.7268,43.912862311632594,51.90032548015429,245.1324408,239.397204730179,855.9724489684082
43.96476,44.01756624857806,52.791093049257114,328.72451052,320.37255882011266,933.102807910685
44.43838,44.22019689790051,53.295628641846285,499.30963767999987,484.1430489783666,1055.361495208027
44.669325,44.635875539684704,52.56609946143556,221.33650537500003,220.54973820078283,862.1000165469525
45.17217,44.87037029217683,54.082692972177,384.27965018999987,372.3541967765116,991.4537323769138
45.26025,45.3890746637136,54.235940992086036,263.64095625,266.1298049614604,928.9348501506688
45.52362,45.590415375107796,55.06669377513561,397.01149002,394.0425853177002,1020.3567532627878
45.95492,45.86083445320647,54.57548889590443,241.63096935999997,239.48067568443082,923.5626286751095
46.2954,46.091165051752846,55.67738314999102,363.881844,361.0965792754486,1010.6340035125172
46.53394500000001,46.371486008292635,55.47127845132661,245.09428831500009,248.16345305639462,947.6072207367081
46.65862500000001,46.41707929582185,56.18047919866029,394.032088125,388.21246869011424,1032.0218224438067
46.826065,46.773128768561385,56.56159161287367,504.64450250500005,486.2770528931169,1092.500599815633
47.40840000000001,47.426856657737815,56.58291020445289,1728.8895312000006,1729.5683405031266,3056.940395940871
47.5501,47.63027581565461,57.55711754718028,286.20405189999997,281.99934684807664,1003.8189405316471
47.89473,48.18226410582302,57.98225422909664,673.6872721799998,663.5024885463531,1275.1403598632414
48.00336000000001,47.80932676319577,58.008674843743535,447.00728832000016,448.1956768185853,1085.6577914151503
48.17088,48.32705924710739,58.71991946115161,402.85306944,401.5530960793477,1071.7398675065235
49.32302,48.982265276869796,59.576229596223506,462.50195854,431.43666509684317,1094.01345227703
49.502280000000006,49.415717643983065,60.203169335447996,434.48151156000006,420.6537189596733,1094.8533365318474
49.64176000000001,50.01375842529338,61.14690539522992,353.05219712,338.7981869951588,1077.2028290012443
49.818295000000006,49.794501623526344,60.771845084261685,297.76394921500014,302.273267303596,1062.4075740093238
49.82991,49.72522643555997,60.5316381153157,260.41110966,238.72461740526677,1043.2440799312446
50.20744499999999,50.01380241468529,60.62369109365685,602.338717665,570.283381983482,1204.177945197865
50.670675,50.91204168244876,61.55192087069428,580.2298994249999,607.5024532435889,1223.0048831882316
50.671095,50.57000595543893,61.78953615467519,431.160347355,419.2876222663631,1108.3093738307293
50.9007,50.923686679142655,62.584782477452144,292.42452149999997,292.12665187567796,1080.7474978148975
51.28585,51.309091390602475,63.16785819998747,304.07380464999994,285.90494053008314,1086.0954108953867
52.335025,51.94089787669363,63.53844639685472,458.402483975,449.025181448824,1129.027592991035
52.92924000000001,52.94850198346778,65.6496571382571,329.00815584000014,317.17618592095886,1109.8740240710292
53.386559999999996,53.544110445358285,66.01719084613686,427.94666496,409.9651003432055,1128.4813545784364
54.09265500000001,53.84322560483334,66.31348508996719,452.59324438500005,423.2060893209546,1133.2095557965606
54.363925,54.29646382877771,66.37671463248367,544.780892425,511.2738794449783,1199.1792101146348
54.80622,54.73197365039821,68.01201880599895,372.90152087999985,362.80371320482806,1124.9445260258308
55.52875,55.552138491077315,68.75867477898214,430.3478125,420.44191246352455,1133.1634613273652
55.533134999999994,55.38019665707387,67.87869365453376,554.1651541649999,534.6271046370024,1248.0829626708232
56.56752,56.43574008994249,71.52390260322004,327.18653568,288.89243347744133,1110.2913626161774
56.93205,56.65111899268806,69.75544134258278,523.2055395,509.1891611084361,1240.3738973801055
57.32117,57.05643227669565,69.68187049776205,636.1503446599999,600.2711881319466,1260.5912322568965
57.38193999999999,57.28372126058762,72.6837991222881,305.4440666199999,304.16494382378187,1104.0257530454037
57.64014000000001,57.8385792622157,69.16359458412549,960.2270922600003,967.5912407102644,1791.8958707722297
57.8702,58.201055301111964,69.52351642043399,3525.2211031999996,3550.037180582877,5749.432821895206
57.935515,58.413537504464024,69.5687602763975,1192.370834215,1210.5036792240915,2207.925132660297
58.114140000000006,57.90212193425069,70.59856365419859,628.9112230800001,609.4831932762628,1296.8296250146452
58.11736000000001,57.619645722178966,69.4267203493748,817.8274899200002,765.259547582435,1440.4325198517456
58.40446000000001,58.023832609067114,72.72124589487973,438.44228122000015,389.8850027824932,1108.493954849993
58.92600000000001,58.46497209771015,72.70341253980263,474.35430000000014,446.0702657985994,1114.8283711760866
59.17015000000001,59.5209980907461,74.72680892948115,368.92588525000014,401.8047408478269,1090.7102207341811
59.27154000000001,58.30847315940237,72.72415373391732,485.90808492000014,425.24259178526,1112.6664855037154
60.68945,60.23848380422897,73.24489787908938,660.6653526999999,656.7803590850409,1330.7381795391987
60.970455,60.71949456461649,72.9578035006168,907.789104495,875.8331375182,1673.925213831523
61.31744499999999,60.58574289002135,75.90930996512296,461.045868955,430.1529072489871,1076.369534225994
61.4073,60.579675330368815,77.62234074317219,394.234866,326.81306518852995,1044.6841219349678
61.93395,61.90483181960713,78.01672382116722,437.1298191,413.38461848570364,1042.5212521828118
62.427485,56.91610470951771,79.86434287175206,361.01814575499986,64.05058598781211,1000.493675573874
62.73565,62.784141304747926,74.65165972603263,1271.6516255000001,1245.4955963982745,2304.8211513215765
62.77208,62.59287263199536,78.13399359131104,500.04238928,471.15504512244536,1092.4865425774046
63.5094,62.76612685409407,76.83216374128047,651.606444,606.921438193022,1217.0598162908211
64.1792,62.263598524252735,80.15655105419418,447.71409919999985,328.7805873594297,996.4495401748236
64.30591499999998,63.622571881509245,78.71531014624331,566.0849697449999,530.4354159895603,1127.7336065125521
65.04141,64.16074749698492,78.76522459744156,649.8287273099999,605.1442618724751,1244.2863469691713
65.30895,63.70831650276476,81.48355548669399,451.35015345000005,365.73088590302575,965.9824843185687
65.872,65.7244032096485,80.9805369710869,606.0224,565.8822044504161,1131.7183652187366
65.99879999999999,66.34482171389284,82.20445615094897,537.7582223999999,534.1935978054064,1099.2873399864934
67.83695999999999,59.760888806735274,86.29669177956266,400.50941184,80.34304310439363,824.0215234978352
67.92416,66.69563818413862,84.42212624193866,495.03127808,429.6253520980905,987.7507403902753
68.06352,68.58872040017182,81.8583401288773,938.7320678399997,958.3782089002278,1785.4034551117732
68.47626500000001,67.34981777874196,85.1980582442023,504.46464425500017,430.48578708224215,962.1106679129073
69.15486,68.5981170132832,82.28447283992492,890.57628708,826.2934117119671,1471.480441270044
69.346435,68.17882949930716,86.43659316385012,482.58184116499984,414.18545850175593,868.8375014545674
70.26522000000001,70.48274883484575,83.98381920854716,967.1304880800003,969.702983001466,1796.7378902625753
71.276915,71.21056205552367,85.9980476976817,699.2978130649999,697.5032614126558,1180.1436223843805
71.32229,70.58896160169405,87.26001018122248,563.01815726,532.4438471274887,976.9015459196404
71.40887500000002,71.21631860395284,84.15197065912267,1406.6834286250007,1401.8975853292484,2636.2299765663633
73.03374000000001,72.08251855035934,87.57437478993019,695.42727228,634.2860843800572,1110.6792331841964
73.17818000000003,73.2374674732455,87.30952485263887,865.1124439600003,860.2325448808192,1510.6263739447093
73.43844,73.27370049851318,87.79735095189865,791.37262944,778.2159652718714,1353.7228487222935
74.35801500000001,74.15788695576038,88.90212051665388,773.843862105,750.3281602669177,1279.311557977282
75.3989,74.43235282259658,89.46610660519724,752.4810219999999,698.6775093879038,1148.1765049866206
75.68225500000001,75.54145750147157,90.00315079969076,805.0321464350003,781.6498423978898,1310.5571772386365
76.1421,75.57748700832377,92.82502306846511,537.563226,498.43144865666153,706.5334076088582
76.21498500000001,75.15214791892416,89.7234740018613,7215.806134845001,6863.501258829261,11525.608707178113
76.44258,76.08669953827959,90.78576189599269,777.5739237600002,763.2165501716709,1270.0608117268491
79.55020499999998,80.01576474595896,95.10855947015085,633.1400815949999,674.9201505404433,997.536251906192
79.9365,80.27439221289404,94.95979073302829,740.8514819999997,747.201367199656,1189.3244591268965
80.09234999999998,80.67403217990326,94.6449883318062,1096.5443638499996,1105.6997788394553,2113.1421705116227
80.67628,80.64701641552405,94.72828669660379,901.47675272,913.5906735292507,1564.8707268164785
82.66560000000003,83.74171891053425,99.9963140979939,3134.6795520000005,3099.097763119636,5906.346238326267
83.35994000000002,83.46929344486988,97.33287954592643,913.12478276,927.6087468493789,1648.2974957682611
83.84662,83.61524224931621,99.97226894251291,3363.75870116,3323.417921255005,6247.362146535256
84.2005,83.81992068460968,98.67407386730551,603.3807830000002,579.4738084119201,702.4430067261411
85.179675,85.41036537492991,99.116731739459,796.0040628750003,772.0435072425544,1206.7071646291524
85.42375,84.85777829937943,98.7220103636106,788.8883312499999,781.3682394899482,1231.5896419220246
86.03574,86.38860484366137,103.05341864394276,3123.26943348,3090.5199233517915,6013.180583362622
86.07336000000002,85.91912952652157,99.81001563624571,1039.0776019200002,1004.431395152674,1915.136930159408
86.2201,86.1428777064337,99.72715927870908,753.5636740000001,750.1826511210454,1144.0389388304088
87.33,87.67915952981564,101.07318260774927,537.0795,533.1151723101933,538.0280117154854
88.12446500000001,88.24321892604941,101.23633243448393,743.5061112050001,716.2399499382242,1048.9323805172658
88.95843,89.1047333118848,102.75699012460541,1039.2123792600003,1089.0534109947166,2201.6771426538407
89.18074,89.68410129358669,102.69860614723906,881.72997638,862.0786859717053,1531.3515021464693
89.46175000000002,89.05835157077503,104.51834893805751,1706.48288125,1664.7102203831037,3731.6745831517824
90.00916,89.14101942694576,104.36724760025068,1625.2053929599995,1582.8548574428733,3496.88368269792
91.58144,90.69962021936985,106.06398838,1638.11721728,1602.5901472721291,3621.63464213384
92.07372,93.3581440013484,107.87600405492269,1332.95124444,1355.7235500517465,3081.1432851938002
92.34316,92.02045311409485,107.1206360479772,1546.19387104,1523.1942379058087,3463.285980305485
93.72882,94.21762835163395,108.15657977899731,1201.79093004,1217.368959787809,2770.529143027945
93.90635999999999,93.41309803915743,107.55878844801045,1289.2404164400002,1246.5078366708776,2829.064611094981
94.26330000000002,94.90663520878496,107.85890570208716,1035.0110340000003,1049.976474750354,2305.1565367151725
94.62015,95.14020885216722,110.85397402711918,1630.77828525,1662.7926651945527,3923.55592139139
94.93893,94.82071460498041,108.80011695242642,1239.80748687,1231.6712287211212,2838.234771229309
95.216625,95.55350385134608,109.29621079449187,1151.264212875,1183.7678099245682,2743.7463179416673
95.3371,96.12010405896187,112.72880871444772,1901.4984594999999,1868.533326005072,4458.678643822595
95.470635,95.33158699295255,106.92660325900084,829.7352887850002,850.8952265606979,1690.7464696498325
97.4491,97.61589503268921,110.5911698390679,1101.6620755000001,1096.447078039193,2594.695369453619
97.54375,97.09952898680756,112.50105929560496,1522.3653062500002,1517.839260227807,3725.299934683871
98.62125000000002,98.18999691194908,108.87355955789197,880.1946562500003,842.7468497092807,1800.2297317778787
99.9555,99.8427168690002,112.39318323554164,1080.1191329999997,1077.484903864747,2676.812336442552
100.285255,99.91450805956137,112.65641485197071,1118.080307995,1118.86040732646,2790.832614940238
100.74337,100.31197891707072,114.87011219616909,1365.9793538300005,1358.5854588642246,3503.6127698331343
100.825965,100.99958983766987,118.57911540823571,1968.223662765,1993.6049583877395,4955.142748480155
101.3115,102.17764631316523,113.5761019674457,998.93139,996.4651839121326,2589.6140623365154
101.50054,102.29400170633973,114.43136126915518,1057.73712734,1064.554452781234,2820.2030236942965
102.70989,103.0169433494427,115.40244307760186,1092.62780982,1094.7204361551676,2970.6871395953667
104.52195,103.98429974098886,115.62214552375634,1098.5256945,1036.5892112932077,2879.2879905458417
105.03438,105.0833506377083,124.50977640517573,2332.3934422800007,2372.209126754597,5851.3529806493225
108.275,108.17821907122656,117.65232545159746,937.87805,921.5611680257955,2891.600874158736
109.81476999999998,109.68850646201427,119.8407012329034,1007.8799590599997,966.8499384346396,3232.5309783982616
110.366,109.74290671157878,127.54780966560908,1752.61208,1747.8326793952094,5143.464639625786
112.31744,111.66386253073317,132.51800603030102,2463.9076812799995,2418.405199231854,6356.302192436079
113.9292,113.5337050935707,133.49583848823653,2060.2956528,2044.3670524195625,5978.543398989526
115.99435900000002,115.49933883674903,135.22699823766357,1956.4768532530004,1896.5924070994351,5930.408061488417
117.612575,117.74400598649727,139.8143693652587,2374.715501825,2317.1456961920903,6696.913460883461
118.12374,118.75467368164696,137.53536158664954,1654.2048549600006,1625.2338920901275,5835.552431145317
119.298915,118.67539804641895,140.54960808419642,2308.553304165,2200.1616581732505,6634.401603295566
119.34855,120.18587523233721,139.70863136937376,1690.6915593,1671.8795107993647,6069.620743696559
120.53458500000002,120.27938323229624,137.60379010645985,1401.6966889650007,1409.2831580885736,5664.1469359327475
123.07625999999998,124.34290277397379,148.19554885567553,2200.111223759999,2291.8387173967817,7218.3710514057875
123.28661999999998,123.06140766170743,148.6095264655534,4887.328190039999,4677.839699899463,9795.646092943223
124.48458000000001,123.61263577762642,142.59509229195174,1510.3714091399993,1471.5757589106101,6204.437704976923
125.64044999999996,125.07374048658016,149.83822012486158,2698.3799446499993,2549.3093866749978,7496.117250551656
126.35175,126.29409777910216,152.06655640565944,3115.0760445,2934.319978964253,7899.735051249836
126.46686,126.24554263682644,151.8325020163893,2771.900637480001,2835.666900787993,7811.596255565853
126.49496999999998,126.59619103823906,146.83149178972127,1555.0026662099995,1481.4861534626395,6595.353833367795
126.76356000000001,126.71905468610257,151.00369366320163,2250.5602442400004,2182.048674288793,7318.5652863428
127.39128999999998,127.12691915554346,152.2730388009175,2462.60102699,2422.232891733648,7551.134873066634
128.764455,128.87410871557643,153.90419851100282,2215.134919365,2144.189359772672,7492.206618306988
136.904754,131.5919900493113,155.89899522559787,124125.24283311599,116949.36086698885,154311.02074205445
136.96259999999998,137.72575654315108,166.7962840878658,2119.6331976,2176.3570120809063,8255.676552836843
138.309695,136.53151332964936,164.01133334269414,7232.352261245002,6711.041701533595,12325.46263445549
141.44240000000005,140.41878382282908,169.8016955385106,4546.807390400001,4614.166741433508,9734.503601285125
149.84141,150.78673159230019,179.3818840955122,11755.208455910002,11675.341733037343,20541.56449519588
149.94382499999998,149.0176857672395,182.14689843558543,4106.511535274999,3854.7532339145127,9242.22042718948
